
<project xmlns="http://maven.apache.org/POM/4.0.0" xmlns:xsi="http://www.w3.org/2001/XMLSchema-instance"
	xsi:schemaLocation="http://maven.apache.org/POM/4.0.0 http://maven.apache.org/xsd/maven-4.0.0.xsd">
	<modelVersion>4.0.0</modelVersion>
	<groupId>de.hybris.platform</groupId>
	<artifactId>bncwebservices</artifactId>
	<version>5.0.0.0-SNAPSHOT</version>

	<packaging>jar</packaging>

	<dependencies>
		<dependency>
			<groupId>net.sf.kxml</groupId>
			<artifactId>kxml2</artifactId>
			<version>2.1.8</version>
		</dependency>
		<dependency>
			<groupId>oro</groupId>
			<artifactId>oro</artifactId>
			<version>2.0.8</version>
		</dependency>
		<dependency>
			<groupId>xpp3</groupId>
			<artifactId>xpp3</artifactId>
			<version>1.1.4c</version>
		</dependency>
	</dependencies>
</project>