
<project xmlns="http://maven.apache.org/POM/4.0.0" xmlns:xsi="http://www.w3.org/2001/XMLSchema-instance"
	xsi:schemaLocation="http://maven.apache.org/POM/4.0.0 http://maven.apache.org/xsd/maven-4.0.0.xsd">
	<modelVersion>4.0.0</modelVersion>
	<groupId>de.hybris.platform</groupId>
	<artifactId>bncwebservices.web</artifactId>
	<version>5.0.0.0-SNAPSHOT</version>

	<packaging>jar</packaging>


	<dependencies>
	
		<dependency>
			<groupId>org.codehaus.jettison</groupId>
			<artifactId>jettison</artifactId>
			<version>1.3</version>
		</dependency>
		<dependency>
			<groupId>jstl</groupId>
			<artifactId>jstl</artifactId>
			<version>1.2</version>
		</dependency>
		<dependency>
		  <groupId>org.springframework</groupId>
		  <artifactId>spring-webmvc</artifactId>
		  <version>3.1.1.RELEASE</version>
		</dependency>
		<dependency>
		  <groupId>com.thetransactioncompany</groupId>
		  <artifactId>cors-filter</artifactId>
		  <version>1.3.2</version>		    
		</dependency>
		<dependency>
			<groupId>org.springframework.security</groupId>
			<artifactId>spring-security-taglibs</artifactId>
			<version>3.1.1.RELEASE</version>
		</dependency>
		<dependency>
	      <groupId>javax.xml.stream</groupId>
	      <artifactId>stax-api</artifactId>
	      <version>1.0-2</version>
	    </dependency>
	    <dependency>
			<groupId>javax.ws.rs</groupId>
			<artifactId>jsr311-api</artifactId>
			<version>1.1.1</version>
		</dependency>
		<dependency>
			<groupId>org.springframework.security.oauth</groupId>
			<artifactId>spring-security-oauth2</artifactId>
			<version>1.0.1.RELEASE</version>
		</dependency>
	</dependencies>
</project>