<?xml version="1.0" encoding="UTF-8"?>
<!--
 [y] hybris Platform

 Copyright (c) 2000-2013 hybris AG
 All rights reserved.

 This software is the confidential and proprietary information of hybris
 ("Confidential Information"). You shall not disclose such Confidential
 Information and shall use it only in accordance with the terms of the
 license agreement you entered into with hybris.
-->

<beans xmlns="http://www.springframework.org/schema/beans"
	xmlns:xsi="http://www.w3.org/2001/XMLSchema-instance"
	xmlns:aop="http://www.springframework.org/schema/aop"
	xmlns:context="http://www.springframework.org/schema/context"
	xsi:schemaLocation="http://www.springframework.org/schema/beans
           http://www.springframework.org/schema/beans/spring-beans-3.1.xsd
           http://www.springframework.org/schema/aop
           http://www.springframework.org/schema/aop/spring-aop-3.1.xsd
           http://www.springframework.org/schema/context
			  http://www.springframework.org/schema/context/spring-context-3.1.xsd">

	<!--
	The hybris platform provides one single Spring application context for beans located at the jalo layer.
	Each extension can add beans to this context by specifying them at this configuration file.
	 
	You can use and/or redefine beans defined at configuration files of other extensions as well as
	adding new one.
		
	If you want to locate this file at a different location or want to use several files for better,
	structuring, please use the '<yourextension>.application-context' property at your project.properties file.
	There you can specify a comma separated list of files where first is tried to find a file per classpath and
	then per file system.
	
	Please be aware of the special 'tenant' scope. If you have a multi tenant system you mostly have to use this
	scope instead of the default Spring 'singleton' scope.
	
	If you want to configure beans for your web module please have a look at
	your web/webroot/WEB-INF/<extname>-web-spring.xml.
	-->
	
	<!--  Example how to override a manager -->
	<!--
	<bean id="core.productManager"   class="com.accenture.jalo.QrcodeaddonProductManager" 	init-method="init"	destroy-method="destroy" scope="tenant" />
	-->
	
	
 	<!--  Example how to configure the class to use for jalo session creation -->
	<!--
	<bean id="jalosession"   class="de.hybris.platform.jalo.JaloSessionFactory">
		<property name="targetClassName" value="com.accenture.jalo.QrcodeaddonJaloSession"/>
	</bean>
	-->

	
	<!--  Example how to override an item  -->
	<!-- 
	<bean id="de.hybris.platform.jalo.product.Product" class="com.accenture.jalo.QrcodeaddonProduct" scope="prototype" />		
 	-->

	<!--  
	 Example how to register and use an AOP aspect 
     Also see http://static.springframework.org/spring/docs/2.5.x/reference/aop.html	
     -->
	
	<!-- 
	<bean id="qrcodeaddonProfBean" class="com.accenture.aop.QrcodeaddonProfilingAspect"/>
	<aop:config proxy-target-class="true">
  		<aop:aspect id="qrcodeaddonProfAspect" ref="qrcodeaddonProfBean" >
    	  <aop:pointcut id="profiledMethods" 
	      	expression="execution(* getModificationTime(..))" />  	            
	   		<aop:around pointcut-ref="profiledMethods" method="profile" />
  		</aop:aspect>
	</aop:config>
	 -->

	
	<!-- some other examples of a pointcut that matches everything:

    	  <aop:pointcut id="profiledMethods" 
	      	expression="bean(de.hybris.platform.jalo.user.Customer) &amp;&amp; 
	      	            !execution(* getPK(..))" />  	            
	       <aop:pointcut id="profiledMethods" expression="execution(* *(..))" />	
	  -->
	<context:component-scan base-package="com.accenture.storefront.controllers" scope-resolver="de.hybris.platform.spring.IgnoreTenantScopeMetadataResolver"  />
	
	<bean id="storeCustomerDao" class="com.acc.core.dao.storecustomer.impl.StoreCustomerDaoImpl" parent="abstractItemDao">
	</bean>
	<alias name="storeCustomerServiceImpl" alias="storeCustomerService" />
	<bean id="storeCustomerServiceImpl" class="com.acc.core.service.storecustomer.impl.StoreCustomerServiceImpl" >
	<property name="storeCustomerDao" ref="storeCustomerDao"/>
	</bean>
	
	<bean id="bnCPrepareInterceptor" class="com.acc.core.interceptors.BnCPrepareInterceptor"
      autowire="byName" scope="tenant" />
      
    <bean id="bNCPrepareInterceptorMapping" 
      class="de.hybris.platform.servicelayer.interceptor.impl.InterceptorMapping">
	    <property name="interceptor" ref="bnCPrepareInterceptor"/>
	    <property name="typeCode" value="Order"/>
	    <property name="order" value="5000"/>
	</bean>
	
	<bean id="customerCollectOrderDao" class="com.acc.core.dao.collectorder.impl.CustomerCollectOrderDaoImpl" parent="abstractItemDao">
	</bean>
	
	<alias name="customerCollectOrderServiceImpl" alias="customerCollectOrderService" />
	<bean id="customerCollectOrderServiceImpl"
		class="com.acc.core.services.collectorder.impl.CustomerCollectOrderServiceImpl">
		<property name="customerCollectOrderDao" ref="customerCollectOrderDao"/>
	</bean>
	
	<bean id="storeCustomerFacade" class="com.acc.facades.storecustomer.impl.StoreCustomerFacadeImpl" >
	<property name="storeCustomerService" ref="storeCustomerService"/>
	
	
	
	</bean>
	
	<bean id="csrCustomerDetailsPopulator" class="com.acc.facade.csrCustomerDetails.populator.CSRCustomerDetailsPopulator" >
		<property name="userService" ref="userService"/>
	</bean>
	
	<bean id="csrCustomerDetailsData" class="com.acc.facades.CSRCustomerDetails.data.CSRCustomerDetailsData" scope="prototype"/>
	
	<bean id="csrCustomerDetailsConverter" parent="abstractPopulatingConverter">
	<lookup-method name="createTarget" bean="csrCustomerDetailsData"/>
	<property name="populators">
		<list>
			<ref bean="csrCustomerDetailsPopulator" />
		</list>
	</property>
</bean>
	
	
	
	<!--for wishlist  -->
	

	
	<alias name="defaultWishlistFacade" alias="wishlistFacade"/>
	<bean id="defaultWishlistFacade"
	      class="com.acc.facades.wishlist.impl.DefaultWishlistFacade">
	      
	
</bean>
 <alias name="defaultWishlist2EntryConverter" alias="Wishlist2EntryConverter"/>
	<bean id="defaultWishlist2EntryConverter" parent="abstractPopulatingConverter">
		<lookup-method name="createTarget" bean="wishlist2EntryData"/>
	
	<property name="populators">
		<list>
			<ref bean="wishlist2EntryPopulator" />
		</list>
	</property>
</bean>

<alias name="defaultwishlist2EntryPopulator" alias="wishlist2EntryPopulator" />
	<bean id="defaultwishlist2EntryPopulator"
		class="com.acc.facades.wishlist.populator.Wishlist2EntryPopulator">
	</bean>
	 
<bean id="wishlist2EntryData" class="com.acc.facades.wishlist.data.Wishlist2EntryData" scope="prototype"/>
	
<alias name="defaultWishlist2Converter" alias="Wishlist2Converter"/>
	<bean id="defaultWishlist2Converter" parent="abstractPopulatingConverter">
		<lookup-method name="createTarget" bean="wishlist2Data"/>
	
	<property name="populators">
		<list>
			<ref bean="wishlist2Populator" />
		</list>
	</property>
</bean>

<alias name="defaultwishlist2Populator" alias="wishlist2Populator" />
	<bean id="defaultwishlist2Populator"
		class="com.acc.facades.wishlist.populator.Wishlist2Populator">
	</bean>
	 
<bean id="wishlist2Data" class="com.acc.facades.wishlist.data.Wishlist2Data" scope="prototype"/>
	
<bean id="collectOrderPopulator" class="com.acc.facade.collectorder.populator.CollectOrderPopulator" />

<bean id="collectOrderData" class="com.acc.facades.collectOrder.data.CollectOrderData" scope="prototype"/>
	
<bean id="collectOrderConverter" parent="abstractPopulatingConverter">
	<lookup-method name="createTarget" bean="collectOrderData"/>
	<property name="populators">
		<list>
			<ref bean="collectOrderPopulator" />
		</list>
	</property>
</bean>
	
	
<bean id="customerCollectOrderFacade" class="com.acc.core.collectorder.facade.impl.CustomerCollectOrderFacadeImpl">
	<property name="customerCollectOrderService" ref="customerCollectOrderService"/>
</bean>		

	<bean id="pageTitleResolver" class="de.hybris.platform.acceleratorservices.storefront.util.PageTitleResolver" >
		<property name="cmsSiteService" ref="cmsSiteService"/>
		<property name="commerceCategoryService" ref="commerceCategoryService"/>
		<property name="productService" ref="productService"/>
	</bean>
     
		<bean id="uCOIDOnOrderConfirmationComponentRenderer"
          class="com.acc.qrcodeaddon.component.renderer.UCOIDOnOrderConfirmationRenderer">
          <property name="typeService" ref="typeService" />
          <property name="uiExperienceService" ref="defaultUiExperienceService" />
          <property name="userService" ref="userService"/>
          <property name="customerAccountService" ref="customerAccountService"/>
          <property name="baseStoreService" ref="baseStoreService"/>
          <property name="checkoutCustomerStrategy" ref="checkoutCustomerStrategy"/>
          <property name="sessionService" ref="sessionService"/>
		</bean>
		
</beans>
