<?xml version="1.0" encoding="ISO-8859-1"?>
<!--
 [y] hybris Platform

 Copyright (c) 2000-2013 hybris AG
 All rights reserved.

 This software is the confidential and proprietary information of hybris
 ("Confidential Information"). You shall not disclose such Confidential
 Information and shall use it only in accordance with the terms of the
 license agreement you entered into with hybris.

  
-->
<!--
	ATTENTION: This is just an example file. You have to edit it according to your needs.
-->

<items 	xmlns:xsi="http://www.w3.org/2001/XMLSchema-instance" 
			xsi:noNamespaceSchemaLocation="items.xsd">

	<enumtypes>
		<enumtype code="CSRStoreStatus" autocreate="true" generate="true">
			<value code="LoggedIn" />
			<value code="Completed" />
			<value code="InService" />
			<value code="NoThanks" />
		</enumtype>
	</enumtypes>

	<itemtypes>
		<!-- Add your item definitions here -->
		<itemtype code="User" autocreate="false" generate="false">
			<attributes>
				<attribute type="productcollection" qualifier="recentlyviewedproducts"
					generate="true">
					<modifiers read="true" write="true" optional="true" />
					<persistence type="property" />
				</attribute>
			</attributes>

		</itemtype>
		<itemtype code="UCOIDOnOrderConfirmationComponent" autocreate="true"
			generate="true" extends="SimpleCMSComponent"
			jaloclass="de.hybris.platform.cms2lib.components.UCOIDOnOrderConfirmationComponent">
			<attributes>
			</attributes>
		</itemtype>
		<itemtype code="Config" autocreate="true" generate="true">
			<attributes>
				<attribute type="java.lang.Integer" qualifier="ValueHolder"
					generate="true">
					<modifiers read="true" write="true" optional="true" />
					<persistence type="property" />
				</attribute>
			</attributes>
		</itemtype>

		<typegroup name="Electronics">
			<itemtype code="Customer" autocreate="false" generate="false">
				<attributes>
					<attribute qualifier="UUID" type="java.lang.String">
						<description>Customer universally unique id for a device </description>
						<modifiers read="true" write="true" search="true"
							optional="true" />
						<persistence type="property" />
					</attribute>
				</attributes>
			</itemtype>
			<itemtype code="CSRCustomerDetails" autocreate="true"
				generate="true" extends="GenericItem">
				<deployment table="CSRCustomerDetails" typecode="11005" />
				<attributes>
					<attribute qualifier="customerId" type="java.lang.String">
						<description>Customer universally unique id for a device </description>
						<modifiers read="true" write="true" search="true"
							optional="false" />
						<persistence type="property" />
					</attribute>
					<attribute qualifier="customerName " type="java.lang.String">
						<modifiers read="true" write="true" search="true"
							optional="true" />
						<persistence type="property" />
					</attribute>
					<attribute qualifier="processedBy " type="java.lang.String">
						<modifiers read="true" write="true" search="true"
							optional="true" />
						<persistence type="property" />
					</attribute>
					<attribute qualifier="loginTime" type="java.util.Date">
						<modifiers read="true" write="true" search="true"
							optional="true" />
						<persistence type="property" />
					</attribute>
					<attribute qualifier="status" type="CSRStoreStatus">
						<modifiers read="true" write="true" search="true"
							optional="true" />
						<persistence type="property" />

					</attribute>
					<attribute qualifier="pointOfService" type="java.lang.String">
						<modifiers write="true" read="true" search="true"
							optional="true" />
						<persistence type="property" />
					</attribute>
					<attribute qualifier="UUID" type="java.lang.String">
						<description>Customer universally unique id for a device </description>
						<modifiers read="true" write="true" search="true"
							optional="true" />
						<persistence type="property" />
					</attribute>
				</attributes>
			</itemtype>
			
			<itemtype code="CollectOrder" extends="GenericItem"
			autocreate="true" generate="true">
			<description>Customer collect order details when customer choose delivery method pickup from next counter.
						</description>
						<deployment table="CollectOrder" typecode="12222" />
			<attributes>
				<attribute qualifier="CID " type="java.lang.String">
					<modifiers read="true" write="true" search="true" optional="true" />
					<persistence type="property" />
				</attribute>
				<attribute qualifier="OID " type="java.lang.String">
					<modifiers read="true" write="true" search="true" optional="true" />
					<persistence type="property" />
				</attribute>
				<attribute qualifier="UCOID " type="java.lang.String">
					<modifiers read="true" write="true" search="true" optional="false" />
					<persistence type="property" />
				</attribute>
				<attribute qualifier="PID " type="java.lang.String">
					<modifiers read="true" write="true" search="true" optional="true" />
					<persistence type="property" />
				</attribute>
				<attribute qualifier="Status " type="java.lang.String">
					<modifiers read="true" write="true" search="true" optional="true" />
					<persistence type="property" />
				</attribute>
			</attributes>
		</itemtype>
		
		<itemtype code="Order" autocreate="false" generate="false">
         <attributes>
            <attribute type="java.lang.String" qualifier="UCOID">
				<description>Customer unique code</description>				
				<modifiers read="true" write="true" initial="true"
					optional="true" search="true" />
				<persistence type="property" />
			</attribute>
         </attributes>
      </itemtype>
		</typegroup>		
	</itemtypes>
</items>
