$passwordEncoding=md5
$defaultPassword=1234
$setPassword=@password[translator=de.hybris.platform.impex.jalo.translators.ConvertPlaintextToEncodedUserPasswordTranslator][default='$passwordEncoding:$defaultPassword']

INSERT_UPDATE Customer;uid[unique=true];groups(uid);password;name
;demoCustomer;customergroup;1234;Demo Customer

INSERT_UPDATE UserGroup;uid[unique=true];locname[lang=de];locname[lang=en];groups(uid)
;customermanagergroup;Kunden Manager-Gruppe;Customer Manager Group;employeegroup

INSERT_UPDATE Employee;UID[unique=true];$setPassword;description;name;groups(uid)[mode=append];sessionLanguage(isocode);
;customermanager;;Customer manager;Customer manager;customermanagergroup;en;